ImageID,Name,Status Completed (Y/N)
ami-002ebf16,EAST_ON_PS1012_WELLINGTONCDSB_042017_120_SMALL_,
ami-0034a916,CENTRAL_MO_PS1013_CSS_BLUE_SPRING_04202017_160_MEDIUM_,
ami-005b3a17,BASE_03_LARGE_SSL_Oracle83_220GB_v7.2,
ami-008882a566ed35996,WEST_TX_PS12024_DALLAS_08272018_220_LARGE_,
ami-00c3d67cf23161c55,WEST_AK_PS1104_CSS_NORTHWEST_ARCTIC_BOROUGH_04012018_V2_160_MEDIUM_,
ami-00fd82e6a67eab5b0,PM_APPLEGROVE_18-19_PS1202_KY_SALESDEMO_120_SMALL_,
ami-0120f04b046e89b77,PM_APPLEGROVE_18-19_PS1202_CT_SALESDEMO_120_SMALL_,
ami-01273e5876d96fc46,WEST_OK_PS1204_CSS_BYNGSCHOOL_MIGRATED_01052018_120_SMALL_,
ami-013ff06c,WEST_AZ_PS0924_VAIL_20160217_EDFI_MEDIUM_,
ami-0140ef2a4ce54faf6,PM_APPLEGROVE_18-19_PS1202_KS_TRAINING_120_SMALL_,
ami-015015f42b88260ed,WEST_IA_PS12023_CSS_LEWIS_CENTRAL_08222018_160_MEDIUM_,
ami-017eae7c,WEST_WY_PS1104_ALBANYCOUNTY_07192016_MIGRATED_220_LARGE_,
ami-0199467320358a661,PM_APPLEGROVE_18-19_PS1202_MS_SALESDEMO_120_SMALL_,
ami-02473e14,WEST_ND_PS1014_CSS_09092016_160_MEDIUM_,
ami-026e7f905a88d92d6,PM_APPLEGROVE_18-19_PS1202_MD_SALESDEMO_120_SMALL_,
ami-029896d107e5d0396,PM_APPLEGROVE_18-19_PS1202_ME_SALESDEMO_120_SMALL_,
ami-03266db035acb52c5,PM_APPLEGROVE_18-19_PS1202_LA_SALESDEMO_120_SMALL_,
ami-032c7915972f47aab,COMMON_AZ_PS1201_VAIL_09122018_EDFI_PUBLISHED_160_MEDIUM_,
ami-035e7679,WEST_ND_PS11032_CSS_LISBON_20171215_SMALL_,
ami-0382e54a661a37fbb,EAST_TN_z(DO_NOT_USE)_MASSIVE_PS11053_SHELBY_08212018_t2.2xlarge_255_MEDIUM_,
ami-03909914,AUTOMATION_WEST_WA_PS1002_CSS_KING_04202015_V2_120_SMALL_,
ami-03e12715,EAST_NJ_PS10_RAHWAY_20170119_120_SMALL_CSS_,
ami-03e5b07b3c7d84fdd,X_DUST_MIDLOTHIAN_09242018_MEDIUM_160_,
ami-04040f4f64bd746d2,z_Temp_Shelby_Large_20180823_220_LARGE_,
ami-0412da559a6ae290c,WEST_MS_PS1204_DESOTO_05112018_MIGRATED_160_MEDIUM_,
ami-04391712,COMMON_IN_PS1014_CSS_PLAINFIELD_06202016_DEX_120_SMALL_,
ami-0453a569,WEST_CA_PS0924_SANGER_20160318,
ami-0475167e,EAST_TN_PS1103_HAMBLEN_08092017_DEV_ENVIRON_160_MEDIUM_,
ami-04ad0a5ae569c527a,PM_APPLEGROVE_18-19_PS1202_MA_SALESDEMO_120_SMALL_,
ami-04ed88bdabf22aaf6,EAST_GENERIC_JAVA_ENVIRONMENT_160_MEDIUM_,
ami-052b827f,PM_APPLEGROVE_17-18_PS1103_IL_SALES_DEMO_120_LARGE_,
ami-0580dd275a32cdf9f,PM_APPLEGROVE_18-19_PS1202_ID_SALESDEMO_120_SMALL_,
ami-058df913,WEST_AK_PS1014_CSSV1_KODIAK_12072016_120_SMALL_,
ami-05a10d7f,PM_APPLEGROVE_17-18_PS1103_NO_STATE_SALES_DEMO_220_LARGE_,
ami-05a7d03050740c5d9,PM_APPLEGROVE_18-19_PS1202_MI_SALESDEMO_120_SMALL_,
ami-05ba116952f3e703f,CANADA_ON_PS12023_GRAND_ERIE_08222018_220_LARGE_,
ami-05f442668dae9b2cc,PM_APPLEGROVE_18-19_PS1202_IN_SALESDEMO_120_SMALL_,
ami-060e75dd06a04ba71,z_Temp_Shelby_Massive_20180823_225_MEDIUM_,
ami-0613d4c593c83950a,CANADA_ON_PS12023_SIMCOE_COUNTY_09132018_PSSR191915_NIGHT_220_LARGE_,
ami-0640f82002442514f,COMMON_CA_PS12_TEMPLETON-CASEMIS_120_SMALL_,
ami-0645f679,CANADA_ON_PS1105_KINGSWAY_COLLEGE_04272018_PSSR180388_120_SMALL_,
ami-06562c10,EAST_NC_PS1014_CSSV1_ROBESON_COUNTY_01032017_160_MEDIUM_,
ami-0687ca10,WEST_WY_PS1014_ALBANY_COUNTY_07192016_120_SMALL_,
ami-068d8411,AUTOMATION_CENTRAL_CO_PS1002_CSSv1_MONTEZUMA_CORTEZ_04212016_V2_120_SMALL_,
ami-06970779,WEST_NE_PS12_CSS_ALLIANCE_02082016_120_SMALL_,
ami-06a7767b,WEST_MO_PS1105_CSS_BLUE_SPRING_04202017_MIGRATED_160_MEDIUM_,
ami-06c4b95a2221133f3,PM_APPLEGROVE_18-19_PS1202_AK_SALESDEMO_120_SMALL_,
ami-06c9c5bbd5551d5fb,CANADA_ON_PS12011_GRAND_ERIE_08222018_220_LARGE_,
ami-071618a6adfbe84dd,CANADA_ON_PS12024_DEMO_09182018_V2_120_SMALL_,
ami-07452410,EAST_PA_PS10_MOUNT_LEBANNON_02192016_120_SMALL_,
ami-0776f278,WEST_NV_PS12_CSSV1_EUREKA_COUNTY_02022017_160_MEDIUM_,
ami-07e56b9c0bd5e3906,COMMON_NE_PS12023_SOUTH_SIOUX_CITY_03082018_EDFI_PUBLISHED_120_SMALL_,
ami-0881c4a001fcfa554,EAST_TN_PS1202_RHEA_COUNTY_09042018_160_MEDIUM_,
ami-0893341e,EAST_NJ_PS1002_CSS_WEST_ORANGE_05032016_120_SMALL_,
ami-08bf0e27aee577a42,CANADA_BC_PS12024_SAINTTHOMAS_01092017_120_SMALL_,
ami-08c5eb7f822c0a1b5,CANADA_ON_PS12023_OTTAWA_CATH_08242018_PSSR190260_BFT_220_LARGE_,
ami-08cde41f,CENTRAL_CA_PSNO_CSS_MANHATTAN_BEACH_06032015_160_MEDIUM_,
ami-099e1007c277e71d2,EAST_TN_PS11053_SHELBY_08212018_220_LARGE_,
ami-09e65a6bda18c7f57,PM_APPLEGROVE_18-19_PS1202_MO_SALESDEMO_120_SMALL_,
ami-09f05873,PM_APPLEGROVE_17-18_PS1103_UT_SALES_DEMO_120_LARGE_,
ami-0a90991d,AUTOMATION_EAST_NY_PS1002_CSS_JOHNSON_CITY_08102016_V2_120_SMALL_,
ami-0acd321c,WEST_AZ_PS10.1.1_VAIL_20170120_MEDIUM_CSS_,
ami-0ad89975,CANADA_ON_PS1105_OTTAWA_CATHOLIC_05102018_220_LARGE_,
ami-0b2934e1f6d7984ad,EAST - IL  PS 1202 08022018 - Oregon Community Unit School District 220   120_SMALL_,
ami-0b3d0974,COMMON_AZ_PS12002_SAHUARITA_UNIFIED_06282018_PSSR185903_EDFI_160_MEDIUM_,
ami-0b7069044301c32bb,CANADA_ON_PS12023_WELLINGTON_CATHOLIC_08222018_220_LARGE_,
ami-0b71be1f2a0e6f132,WEST_TX_PS12024_CSS_MIDLOTHIAN_08222018_160_MEDIUM_,
ami-0b944c39da6cbb045,CANADA_ON_PS12023_OTTAWA_CATH_ISSUE_SERVER_08242018_PSSR190260_BFT_300_LARGE_,
ami-0b99babddfc67bec0,EAST_IN_PS12024_PLAINFIELD_01252018_120_SMALL_,
ami-0c54fe095f5367fd2,WEST_TX_PS1201_CSS_DALLAS_08102018_220_LARGE_,
ami-0c933776,EAST_ME_PS1103_ADMINISTRATIVEDISTRICT1_10172017_300_LARGE_,
ami-0ca7ae1a,EAST_GA_PS11001_OCONEE_COUNTY_07102017_PSSR156811_120_SMALL_,
ami-0d32ad2582126a3d8,EAST_TN_PS11053_SHELBY_08212018_SR18722_220_LARGE_,
ami-0d7a2ea4fbfc001a3,PM_APPLEGROVE_18-19_PS1202_CO_SALESDEMO_120_SMALL_,
ami-0d98c5bf3e4ad5ad7,EAST_PA_PS11053_CSS_NORTH_HILLS_02082017_160_MEDIUM_,
ami-0da9df1a,PM_APPLEGROVE_PS1002_NO_STATE_V2_120_SMALL_,
ami-0dee863bbfe81daf2,PM_APPLEGROVE_18-19_PS1202_GA_SALESDEMO_120_SMALL_,
ami-0e21660eae5637631,WEST_TX_PS1204_CSS_LOVEJOY_MIGRATED_NOPISA_09062017_160_MEDIUM_,
ami-0edf77c270bbfc416,PM_APPLEGROVE_18-19_PS1202_IL_SALESDEMO_120_SMALL_,
ami-0ef64239f16ac85a8,PM_APPLEGROVE_18-19_PS1202_IA_SALESDEMO_120_SMALL_,
ami-0f3554b449a2dbea3,PM_APPLEGROVE_18-19_PS1202_AZ_SALESDEMO_120_SMALL_,
ami-0f395275,CANADA_ON_PS11032_OTTAWA_12082017_PSSR166669_SUMMER_160_MEDIUM_,
ami-0f6e84d5737f5d510,EAST_TN_z(DO_NOT_USE)_MASSIVE_PS11053_SHELBY_08212018_SR18722_t2.2xlarge_255_MEDIUM_,
ami-0f8658d8365f74b71,PM_APPLEGROVE_18-19_PS1202_MN_SALESDEMO_120_SMALL_,
ami-0f96d997120e74a6e,PM_APPLEGROVE_18-19_PS1202_MT_SALESDEMO_120_SMALL_,
ami-0fa91218,WEST_ID_PS0924_ARCO_ELEMENTARY_20150507_SMALL_,
ami-1033de06,AUTOMATION_CENTRAL_NE_PS10_CSS_ALLIANCE_02082016_120_SMALL_,
ami-1125a407,CENTRAL_MO_PS10121_LIBERAL_R2_03082017_120_SMALL_CSS_,
ami-114e696a,EAST_LA_PS1014_CSS_ST_LANDRY_09162014 _V2_160_MEDIUM_,
ami-12919805,AUTOMATION_CENTRAL_TN_PS1002_CSS_KINGSPORT_02172016_V2_120_SMALL_,
ami-132e8769,PM_APPLEGROVE_17-18_PS1103_CA_SALES_DEMO_120_LARGE_,
ami-13565b05,CANADA_ON_PS1100_SIMCOE_COUNTY_06152017_PSS154607_220_LARGE_,
ami-1433ff02,CENTRAL_TN_PS1000_CSS_GREENEVILLE_11102016_V2_120_SMALL_,
ami-1478ab02,WEST_ID_PS10.1.1_MERIDIANWESTADA_20150213_LARGE_CSS_,
ami-1478eb6b,CANADA_ON_PS11033_OTTAWA_CATHOLIC_3152018_EOY1718_PSSR175908_BFT_220_LARGE_,
ami-147ed402,CENTRAL_NE_PS10121_CSS_ALLIANCE_02082016_120_SMALL_,
ami-15325703,WEST_WA_PS1013_SEATTLESD_04242017_160_MEDIUM_,
ami-153c7802,AUTOMATION_CENTRAL_LA_PS10_ST_LANDRY_09162014_V2_120_SMALL_,
ami-15909902,AUTOMATION_CENTRAL_ND_PS1002_CSS_PSSR_140127_9092016_V2_120_SMALL_,
ami-15ecb903,WEST_OK_PS1014_CSS_SHAWNEE_02232017_V2_120_SMALL_,
ami-16995d6c,COMMON_NE_PS1103_SOUTH_SIOUX_CITY_01252016_120_SMALL_,
ami-1736da6a,WEST_PS1014_WY_JAVA_ENV,
ami-1768586c,EAST_IL_PS1101_CSSV1_OREGON_COMMUNITY_01192017_160_MEDIUM_,
ami-17919800,AUTOMATION_WEST_AZ_PS1002_CSS_COOLIDGE_B4_AZEDS_04042016_V2_120_SMALL_,
ami-181db462,PM_APPLEGROVE_17-18_PS1103_MD_SALES_DEMO_120_LARGE_,
ami-183e5b0e,AUTOMATION_EAST_VA_PS1011_FALLSCHURCH_04102017_120_SMALL_,
ami-189e1d67,WEST_ND_PS12_CSS_09092016_160_MEDIUM_,
ami-18e36d0f,COMMON_TN_PS10_GREENVILLE_04112016_EDFI_120_SMALL_,
ami-197aba0f,WEST_WA_PS10.1_KENNEWICK_20170201_160_MEDIUM_CSS_,
ami-1991980e,AUTOMATION_EAST_NJ_PS1002_CSS_WEST_ORANGE_05032016_V2_120_SMALL_,
ami-19e68766,EAST_GA_PS12_OGLETHORPE_01232018_160_MEDIUM_,
ami-1ac2610c,EAST_PA_PS1010_CSSV1_NORTH_HILLS_02082017_160_MEDIUM_,
ami-1ad20d67,WEST_OK_PS1104_CSS_BYNGSCHOOL_MIGRATED_01052018_120_SMALL_,
ami-1b31a261,WEST_UT_PS1103_CSS_SALT_LAKE_01202017_220_LARGE_,
ami-1ca72e0a,AUTOMATION_WEST_OR_PS10130_WOODBURN_09232015_120_SMALL_,
ami-1cc85d63,EAST_SC_PS1104_GREENVILLE_05112018_PSSR178972_300_LARGE_,
ami-1cda5a0a,CENTRAL_MS_10121_CSS_DESOTO_01062016_160_MEDIUM_,
ami-1d507566,CANADA_ON_PS1014_SIMCOE_COUNTY_PSSR157040_NIGHT_SCHOOL_160_MEDIUM_,
ami-1df1ff67,WEST_OR_PS1104_CSS_WOODBURN_09232015_160_MEDIUM_,
ami-1e2e8764,PM_APPLEGROVE_17-18_PS1103_AK_SALES_DEMO_120_LARGE_,
ami-1ec5c909,PM_APPLEGROVE_16-17_PS10_NO_STATE_SALES_DEMO_120_LARGE_,
ami-1edbdc08,WEST_WA_PS11_CSSV1_KENNEWICK_02012017_160_MEDIUM_,
ami-1f271565,WEST_CA_PS11_CSS_MANHATTAN_MIGRATED_06032015_220_LARGE_,
ami-212b985e,EAST_SC_PS11043_CSS_ANDERSON_COUNTY_04132018_160_MEDIUM_,
ami-23985e59,EAST_SC_PS1103_CSS_GREENVILLE_09202017_400_LARGE_,
ami-239a6a5e,PM_APPLEGROVE_17-18_PS1103_AB_SALES_DEMO_220_LARGE_,
ami-23d9d535,COMMON_TESTCA_PS 11_FOLSOM_20160705_160_MEDIUM_,
ami-23dd2635,EAST_PA_PS10.1_HAVERFORD_TOWNSHIP_20170117_SMALL_CSS_,
ami-252f865f,PM_APPLEGROVE_17-18_PS1103_IA_SALES_DEMO_120_LARGE_,
ami-2578eb5f,CANADA_PS11031_OTTAWA_CATHOLIC_11042017_PSSR165916_SR1710120_220_LARGE_,
ami-27a2b85c,QA_TEMP_WEST_CA_PS1021_CSS_SANDIEGO_ADA_20170228_LARGE_375GB_v3.0,
ami-27e32931,CENTRAL_SK_PS924_CSS_PSSR_140137_09102016_120_SMALL_,
ami-281bd845,COMMON_SIF_BASE_01_SSL_120_SMALL_,
ami-28bb4145,EAST_NY_20160525_BURNTHILLS_924MW,
ami-2923363e,EAST_PA_PS1001_CSSV1_HATBORO_HORSHAM_11222016_160_MEDIUM_,
ami-2929a93e,CENTRAL_NE_PS9_ALLIANCE_02082016_120_SMALL_,
ami-2a2f8650,PM_APPLEGROVE_17-18_PS1103_CT_SALES_DEMO_120_LARGE_,
ami-2a532a3c,WEST_CO_PS1014_CSS_GARFIELD_11042016_120_SMALL_,
ami-2b2dc351,CANADA_ON_PS1012_SIMCOE_COUNTY_09202017_PSSR162186_220_LARGE_,
ami-2bc04e3c,EAST_NJ_PS10_WEST_ORANGE_05032016_120_SMALL_,
ami-2c247b3a,EAST_CT_PS1014_EASTERN_REGIONAL_04262017_PSSR150979_120_SMALL_,
ami-2d275b57,QACS-December-Base,
ami-2dc8463a,EAST_NY_PS10_BURNTHILLS_20160525_MW_120_SMALL_,
,,
,,
ami-2e455755,WEST_TX_PS10_CSS_LOVEJOY_09062017_160_MEDIUM_,
ami-2e7a6755,COMMON_WI_PS1100_CSS_HORICON_20170312_2016-17_220_LARGE_,
ami-2f875652,EAST_IL_PS1101_WARREN_TOWNSHIP_02182018_160_MEDIUM_,
ami-307a754a,WEST_AZ_PS11_SUNNYSIDE_20180205_V2_220_LARGE_,
ami-308d725d,EAST_MA_PS0924_LONGMEADOW_20151027_SMALL_,
ami-331cb549,PM_APPLEGROVE_17-18_PS1103_KS_SALES_DEMO_120_LARGE_,
ami-332da44c,WEST_CO_PS12_CSS_GARFIELD_PERFORMANCE_TEMP_160_MEDIUM_,
ami-33e02149,zQA_Temp_Chalkable_W2012R2_200_,
ami-33fd7324,COMMON_NE_PS10_SOUTH_SIOUX_CITY_01252016_EDFI_120_SMALL_,
ami-3418b14e,PM_APPLEGROVE_17-18_PS1103_NJ_SALES_DEMO_120_LARGE_,
ami-343a514e,CANADA_BC_PS10142_SAINTTHOMAS_01092017_120_SMALL_,
ami-349c0c4b,WEST_KS_PS12_CSS_CLEARWATER_01062016_160_MEDIUM_,
ami-3572d64f,EAST_ME_PS11031_FULLEXPORT_10172017_PSSR164669_120_SMALL_,
ami-357e0f23,WEST_CO_PS1014_CSS_GARFIELD_11042016_160_MEDIUM_,
ami-35b17223,CENTRAL_MB_PS10.1_CSSV1_LAKESHORE_20161205_160_MEDIUM_,
ami-35c1074f,EAST_SC_PS1103_CSS_GREENVILLE_10032017_300_LARGE_,
ami-35f45c4f,PM_APPLEGROVE_17-18_PS1103_SC_SALES_DEMO_120_LARGE_,
ami-363e0021,CENTRAL_MB_PS10041_CSS_HANOVER_10192016_160_MEDIUM_,
ami-36416420,EAST_IL_PS1014_CSS_BERWYN_SOUTH_02232017_160_MEDIUM_,
ami-36b92621,EAST_PS924_MOUNT_LEBANNON_200160219_SMALL_,
ami-37d13c4d,CANADA_ON_PS1102_SIMCOE_COUNTY_09182017_PSSR162186_220_LARGE_,
ami-3814d755,COMMON_SIF_BASE_02_SSL_160_MEDIUM_,
ami-38555042,CANADA_SK_PS1102_PRAIRIECITY_09132017_PSSR162172_V2_120_SMALL_,
ami-389fea2f,COMMON_TN_PS1002_VALIDATION_EDFI_120_SMALL_,
ami-38c9ce47,EAST_IL_PS1201_GLENBROOK_07192018_160_MEDIUM_,
ami-38d01255,COMMON_TN_PS92_EDFI_GREENVILLE_04112016_160_MEDIUM_,
ami-3925f643,WEST_AZ_PS1102_CSS_SUNNYSIDE_20171018_LARGE_220_,
ami-3929802f,AUTOMATION_WEST_WA_PS1012_CSSV1_KENNEWICK_02012017_220_LARGE_,
ami-3937ba2f,WEST_NM_PS1013_CSS_ESTANCIA_04072016_120_SMALL_,
ami-39c1eb2e,WEST_AK_PS9101_KODIAK_ATTENDANCE_120_SMALL_,
ami-3a13b52c,AUTOMATION_WEST_NM_PS1010_CSS_ESTANCIA_04072016_120_SMALL_,
ami-3ae3be41,WEST_CA_PS1021_Visalia_PSSR-157860_LARGE_,
ami-3b20d856,CENTRAL_MS_12C_RANKIN_10272014,
ami-3b8efa2c,COMMON_SIF_BASE_06_Oracle10_V2_220_LARGE_,
ami-3bd07e46,WEST_ID_PS1105_CSS_SUGAR_SALEM_10282015_160_MEDIUM_,
ami-3c3bc351,SSM-Base-Small,
ami-3c5f9a46,WEST_IA_PS11_CSS_MUSCATINE_10012017_160_MEDIUM_,
ami-3d39422a,WEST_WA_PS10_MEAD_20160419_SMALL_,
ami-3d7cee2a,WEST_AZ_PS0924_VAIL_20160217_MEDIUM_,
ami-3dd3db42,PM_APPLEGROVE_18-19_PS1202_KS_SALES_DEMO_120_SMALL_,
ami-3e247745,BASE_migSEVT_MULTISTATE_PS10.1.4_CSS_120_SMALL_v05.2,
ami-3e9b1841,WEST_MO_PS12_BLUESPRING_160_MEDIUM_,
ami-3f18b145,PM_APPLEGROVE_17-18_PS1103_ND_SALES_DEMO_120_LARGE_,
ami-3f7e0f29,WEST_AZ_PS1014_CSSV1_VAIL_01202017_160_MEDIUM_,
ami-42363b55,EAST_SC_PS1004_CSS_GREENVILLE_11172016_400_LARGE_,
ami-42ef8b54,WEST_IA_PS10_MUSCATINE_04272017_120_SMALL_,
ami-4478ab52,WEST_UT_PS10.1.1_SALT_LAKE_20170120_LARGE_CSS_,
ami-448f813e,WEST_ID_PS1104_CSS_SUGAR_SALEM_10282015_160_MEDIUM_,
ami-44eb8a3b,EAST_PA_PS12_CSSV1_HAVERFORD_TOWNSHIP_01172017_120_CUSTOMMIGRATED_SMALL_,
ami-450b233f,zCT_QA_Base_Jenkins_120_SMALL_,
ami-45ab333f,COMMON_OK_PS1110RC3_SHAWNEE_02232017_SIF_120_SMALL_,
ami-45f5fc52,AUTOMATION_WEST_AB_EDMCATH_RB_101616_V2_120_SMALL_,
ami-4707ae3d,PM_APPLEGROVE_17-18_PS1103_NC_SALES_DEMO_120_LARGE_,
ami-47283a3d,WEST_ID_PS1002_TWINFALLS_02122015_120_SMALL_,
ami-473d193d,EAST_IL_PS11032_LINDOP_12192017_120_SMALL_,
ami-47eb2c2a,WEST_AZ_PS0924_COOLIDGE_B4_AZEDS_20160404_SMALL_,
ami-4a3f3735,PM_APPLEGROVE_18-19_PS1202_NO_STATE_120_SMALL_,
ami-4ac77c5c,EAST_SC_PS10121_CSS_KERSHAW_02012017_120_SMALL_,
ami-4af9525c,BASE_IMAGE_Amazon Linux_8GB_120gb,
ami-4b7a1d31,CANADA_ON_PS10142_HAMILTON-WENTWORTH_12022017_PSSR167865_160_MEDIUM_,
ami-4b7dee31,AUTOMATION_CANADA_PS11031_OTTAWA_CATHOLIC_11042017_PSSR165916_SR1710120_220_LARGE_,
ami-4bd5c830,EAST_MA_PS11_CSS_NORTHSHORE_12122016_160_MEDIUM_,
ami-4c342937,EAST_PA_PS1101_CSSV1_HAVERFORD_TOWNSHIP_01172017_120_CUSTOMMIGRATED_SMALL_,
ami-4c69d436,SPED_TEST_11082017_160_MEDIUM_,
ami-4c78fc33,WEST_WA_PS12_CSSV1_KENNEWICK_02012017_160_MEDIUM_,
ami-4cb05031,WEST_MT_PS1103_CSS_BILLINGS_06152015_V2_160_MEDIUM_,
ami-4ccda25a,EAST_PA_PS1014_CSSV1_HAVERFORD_TOWNSHIP_01172017_120_SMALL_,
ami-4e1e0e31,CANADA_ON_PS1105_TRILLIUM_LAKELANDS_07302018_PSSR188150_160_MEDIUM_,
ami-4e28f158,EAST_MA_PS1011_CSS_NORTHSHORE_12122016_160_MEDIUM_,
ami-4e9adf58,EAST_ME_PS1014_CSS_AUBURN_03022017_120_SMALL_,
ami-4f1c4b59,EAST_GA_PS1014_WALKERCOUNTY_05122017_PSSR152200_120_SMALL_,
ami-4f650558,WEST_CA_PS0924_SANDIEGO_20150724_LARGE_,
ami-4f8ca358,SCRUB_PS10_v2_LARGE_,
ami-5002052f,EAST_TN_PS1201_HAMBLEN_08092017_160_MEDIUM_,
ami-509c962b,WEST_TX_PS11_CSS_UPLIFT_EDU_08142017_160_MEDIUM_,
ami-50a4122f,WEST_ID_PS11043_CSS_FREMONT_COUNTY_03232018_160_MEDIUM_,
ami-50fda846,WEST_NV_PS1014_CSSV1_EUREKA_COUNTY_02022017_160_MEDIUM_,
ami-5219b028,PM_APPLEGROVE_17-18_PS1103_MS_SALES_DEMO_120_LARGE_,
ami-52340b45,EAST_NY_PS1004_CSS_JOHNSON_CITY_08102016_120_SMALL_,
ami-52456f29,EAST_GA_PS1014_WALKERCOUNTY_05122017_PSSR152200V2_120_SMALL_,
ami-52583945,BASE_01_SMALL_SSL_Oracle83_120GB_v7.2,
ami-52686c44,WEST_CO_PS11_CSS_GARFIELD_11042016_160_MEDIUM_,
ami-532bf42e,COMMON_MI_PS1104_LAKEORION_03262018_EDFI_PUBLISHED_160_MEDIUM_,
ami-5344b22e,WEST_OR_PS1002_Immun_TestEnv_03022018,
ami-53f0cb44,SCRUB_PS10_X_LARGE_v2,
ami-5407ae2e,PM_APPLEGROVE_17-18_PS1103_NY_SALES_DEMO_120_LARGE_,
ami-54b14842,EAST_NY_PS1000_CSSV1_NASSAU_COUNTY_01252017_120_SMALL_,
ami-55740b42,AUTOMATION_EAST_CT_PS1002_NEWHAVEN_04012015_120_SMALL_,
ami-5579f843,CENTRAL_ND_PS10041_CSS_160_MEDIUM_,
ami-55ac5728,COMMON_NE_PS1104_SOUTH_SIOUX_CITY_03082018_EDFI_PUBLISHED_120_SMALL_,
ami-56609e3b,CT_PS9_EASTERN_06032016_MEDIUM,
ami-582a8322,PM_APPLEGROVE_17-18_PS1103_CO_SALES_DEMO_120_LARGE_,
ami-58d2a94f,TALLAC_DEC2016_TX_IDEA_150_MEDIUM_,
ami-59edb04f,EAST_GA_PS1014_NODISTRICT_06012017_PSSR144924_120_SMALL_,
ami-5a01ae20,CANADA_ON_PS1012_SIMCOE_MUSKOKA_CATH_10302017_PSSR165502_160_MEDIUM_,
ami-5a8a7220,COMMON_MI_PS11023_LAKEORION_10072015_160_MEDIUM_,
ami-5a8ba74d,SCRUB_PS10_LARGE_,
ami-5ac7384c,AUTOMATION_WEST_ID_1002_CSS_TWINFALLS_02122015_120_SMALL_,
ami-5c939a4b,AUTOMATION_EAST_SC_PS1002_CSS_GREENVILLE_11172016_V2_120_SMALL_,
ami-5cc42021,EAST_IN_PS11041_CSS_PLAINFIELD_01252018_120_SMALL_,
ami-5d32bc22,Temp_Jonathan_Richter_120_SMALL_,
ami-5d5c7c26,WEST_CA_PS1014_TEMPLETON-CASEMIS_120_SMALL_,
ami-5d81884a,AUTOMATION_EAST_MA_PS1002_CSS_LONGMEADOW_10262015_V2_120_SMALL_,
ami-5d843a4b,CENTRAL_IL_PS1011_CSSV1_OREGON_COMMUNITY_01192017_160_MEDIUM_,
ami-5e2c8524,PM_APPLEGROVE_17-18_PS1103_AZ_SALES_DEMO_120_LARGE_,
ami-5e3baf49,CENTRAL_MO_PS0924_CLAYTON_20160725_SMALL_,
ami-5e98df21,WEST_AZ_PS1201_SUNNYSIDE_20180205_V2_220_LARGE_,
ami-5e9dd949,AUTOMATION_CENTRAL_IL_PS1002_MANNHEIM_05032016_120_SMALL_,
ami-5f2d4e20,PM_APPLEGROVE_17-18_PS1103_NE_SALES_DEMO_IM_IMM_CODES_120_LARGE_,
ami-5f9f2a25,SkinnySped_110317,
ami-6061571f,WEST_CA_PS12_CSS_FOLSOM_MIGRATED_07112018_220_LARGE_,
ami-6105481e,EAST_NC_PS1105_NEWTON_CONOVER_06072018_120_SMALL_,
ami-61df9f77,WEST_ID_PS1014_CSS_SUGAR_SALEM_10282015_MEDIUM_160_,
ami-62686c74,WEST_CA_PS11_CSS_MANHATTAN_BEACH_06032015_220_LARGE_,
ami-628cf875,COMMON_SIF_BASE_05_Oracle10_V2_160_MEDIUM_,
ami-62f5af18,EAST_IL_PS11033_MANNHEIM_20180110_160_MEDIUM_,
ami-63471319,CANADA_MB_PS11032_SWANVALLEY_01022018_PSSR169985_120_SMALL_,
ami-63cfad19,CANADA_ON_PS11023_DURHAM_12072017_SUMMER_PSSR166670_220_LARGE_,
ami-649e9773,AUTOMATION_CENTRAL_OK_PS1002_CSS_MIAMI_11062015_V2_120_SMALL_,
ami-64cccb73,EAST_ME_PS0924_MADWASKA_20140910_V3_120_SMALL_,
ami-64d21d19,WEST_WA_PS1104_CSSV1_KENNEWICK_BACKUP_02012017_160_MEDIUM_,
ami-65010b1f,EAST_NC_z(DO_NOT_USE)_MASSIVE_PS10142_NCDPI_CARY_01022018_t2.2xlarge_V2_1200_LARGE_,
ami-657cf81a,WEST_WY_PS12_ALBANY_COUNTY_07192016_120_SMALL_,
ami-662e871c,PM_APPLEGROVE_17-18_PS1103_AL_SALES_DEMO_120_LARGE_,
ami-66341a1c,EAST_TN_PS11033_SR171205_HAMBLEN_08092017_V2_160_MEDIUM_,
ami-6655391c,COMMON_WI_PS1103_CSS_ASHWAUBENON_12082017_EDFI_120_SMALL_,
ami-6688bd1d,EAST_GA_PS11_WALKERCOUNTY_05122017_PSSR152200_120_SMALL_,
ami-66f2f170,EAST_PA_PS1014_CSSV1_HAVERFORD_TOWNSHIP_01172017_120_CUSTOMMIGRATED_SMALL_,
ami-68094e7f,EAST_NC_PS1002_ALAMANCE-BURLINGTON_06022016_160_MEDIUM_,
ami-693cb57e,CENTRAL_TX_PS10_IDEA_05262016_120_SMALL_,
ami-69d50a14,WEST_TX_PS1104_CSSLOVEJOY_MIGRATED_09062017_160_MEDIUM_,
ami-69eee27f,XTEMP_SanDiego_LARGE_Backup_PSSR-153797,
ami-6a39b07d,CENTRAL_WY_PS10_ALBANY_COUNTY_07192016_120_SMALL_,
ami-6a52b410,CANADA_ON_SIMCOECOUNTY_09132017_PSSR161854_NIGHT_120_SMALL_,
ami-6a61107c,WEST_AZ_PS1013_CSSV1_VAIL_01202017_160_MEDIUM_,
ami-6b11297c,EAST_NY_PS1004_CSSV1_NASSAU_COUNTY_11302016_120_SMALL_,
ami-6bfbe110,EAST_IN_PS1014_CSS_PLAINFIELD_06202016_MIGRATED_DEX_120_SMALL_,
ami-6c5cef13,EAST_LA_PS1105_RAPIDES_PARISH_04242018_160_MEDIUM_,
ami-6d2c8517,PM_APPLEGROVE_17-18_PS1103_FL_SALES_DEMO_120_LARGE_,
ami-6d49917b,AUTOMATION_WEST_CA_PS1010_CSS_SANDIEGO_MIGRATED_20150724_220_LARGE_,
ami-6d72aa7b,CENTRAL_TX_PS1012_CSS_LOVEJOY_09222016_SMALL_120_,
ami-6d94e47b,WEST_NM_VT_PS1010_CSS_ESTANCIA_04072016_120_SMALL_,
ami-6e905c14,WEST_TX_PS1103_CSS_DALLAS_ISD_10092017_160_MEDIUM_,
ami-6ec11a14,EAST_LA_PS1103_CSS_20170113_140457_FULLEXPORT_160_MEDIUM_,
ami-6ed5bf78,WEST_CA_PS1014_CSSV1_SAN_DIEGO_03082017_375_LARGE_,
ami-6efb6414,WEST_UT_PS1103_SSS_IRON_COUNTY_20171123_220_LARGE_,
ami-6f367178,EAST_NC_PS1003_DURHAM_05192016_V2_160_MEDIUM_,
ami-6f99fb15,CANADA_ON_PS11032_THEHILLACADEMY_12072017_PSSR168879_120_SMALL_,
ami-70d6141d,COMMON_AZ_PS92_VAIL_02172016_160_MEDIUM_,
ami-711ab30b,PM_APPLEGROVE_17-18_PS1103_MN_SALES_DEMO_120_LARGE_,
ami-71a8300e,PM_APPLEGROVE_17-18_PS1103_NE_SALES_DEMO_V2_120_LARGE_,
ami-71d50a67,CENTRAL_TN_PS1010_CSS_WASHINGTON_COUNTY_01202017_PREMIGRATION_120_SMALL_,
ami-72455709,WEST_TX_PS11_CSS_LOVEJOY_09062017_160_MEDIUM_,
ami-7255bf08,CANADA_ON_PS1014_WELLINGTON_CATHOLIC_09222017_PSSR162808_120_SMALL_,
ami-727b6608,EAST_IL_PS11032_WAUCONDA_COMMUNITY_01242018_120_SMALL_,
ami-727b7f64,WEST_CO_PS11_CSS_Eagle_County_20170627_160_MEDIUM_,
ami-72a82b64,CENTRAL_OK_PS1012_CSS_MIAMI_11062015_120_SMALL_,
ami-72bba165,COMMON_AZ_PS10_VAIL_20160217_EDFI_JTED_120_SMALL_,
ami-72cd9d09,CANADA_SK_PS1100_SUNWEST_PSSR157574_120_SMALL_,
ami-72f9a50d,EAST_IL_PS11053_MARQUARDT_06192018_120_SMALL_,
ami-73754909,EAST_IL_PS11033_GLENBARD_EAST_20180124_V2_160_MEDIUM_,
ami-739fae08,WEST_AZ_PS10.1.4_TOLTEC_20170405_SMALL_PSSR-149356_,
ami-73aa4465,WEST_CA_PS10_MANHATTAN_BEACH_20150603_120_SMALL_,
ami-73f35b09,PM_APPLEGROVE_17-18_PS1103_OK_SALES_DEMO_120_LARGE_,
ami-7407f962,CENTRAL_MO_PS1010_CSS_CLAYTON_07252016_120_SMALL_,
ami-75704c63,COMMON_WY_PS1014_CONVERSE_COUNTY_07192016_360_LARGE_,
ami-759a6108,COMMON_TN_PS1104_GREENEVILLE_03082018_EDFI_PUBLISHED_120_SMALL_,
ami-7639b061,CENTRAL_MO_PS10_EXCELSIORSPRING_06142016_120_SMALL_,
ami-77507361,WEST_LA_PS1014_NODISTRICT_06132017_PSSR154305_160_MEDIUM_,
ami-77943108,COMMON_AZ_PS1105_VAIL_01202017_EDFI_PUBLISHED_160_MEDIUM_,
ami-77d4d260,x_PS10_1_BASE_DEC_2016,
ami-77f35b0d,PM_APPLEGROVE_17-18_PS1103_PA_SALES_DEMO_120_LARGE_,
ami-7869ed07,WEST_CA_PS12_TEMPLETON-CASEMIS_120_SMALL_,
ami-78e22302,zQA_Temp_Chalkable_W2008R2_200_,
ami-78f59202,BASE_02_MEDIUM_SSL_Oracle10.1_160GB_v8.8,
ami-79d43704,WEST_TX_PS1104_CSS_DALLAS_ISD_02222018_160_MEDIUM_,
ami-7a74706c,WEST_MA_PS11_CSS_NORTHSHORE_12122016_160_MEDIUM_,
ami-7b69466c,EAST_MA_PS1000_LONGMEADOW_10262015_V2_160_MEDIUM_,
ami-7b876a06,RAJ-TEST,
ami-7c75f103,WEST_OR_PS12_WOODBURN_WK10_120_SMALL_,
ami-7c792b07,BASE_Jenkins_Ubuntu,
ami-7d16d707,EAST_NJ_PS1014_ELIZABETH_03232017_MIGRATED_V1_220_LARGE_,
ami-7d47466a,WEST_CA_PS1004_SANDIEGO_20150724_LARGE_CSS_,
ami-7e224c01,CANADA_ON_PS12_UPPERCANADA_05172018_160_MEDIUM_,
ami-7e2ea004,EAST_TN_PS11023_KINGSPORT_10052017_160_MEDIUM_,
ami-7e4a2804,EAST_PA_PS11032_CSSV1_HAVERFORD_TOWNSHIP_01172017_120_CUSTOMMIGRATED_V2_120_SMALL_,
ami-7e78d768,BASE_02_MEDIUM_SSL_Oracle92_160GB_v7.3,
ami-7f499500,EAST_LA_PS1105_LUSHER_CHARTER_04052018_120_SMALL_,
ami-7fcc3369,AUTOMATION_WEST_AK_PS1002_CSSV1_KODIAK_12072016_120_SMALL_,
ami-802d0afb,EAST_CT_PS1014_CSSV1_STRATFORD_BOE_01192017_120_SMALL_,
ami-806398fa,CANADA_ON_PS1103_SIMCOE_COUNTY_09182017_PSSR162186_MIGRATED_SR17904_220_LARGE_,
ami-8094e297,PM_APPLEGROVE_PS0924_NO_STATE_V2_120_SMALL_,
ami-80cf3096,AUTOMATION_WEST_AZ_PS1010_CSSV1_VAIL_01202017_220_LARGE_,
ami-80cf60ff,COMMON_AZ_PS1104_VAIL_UNIFIED_03132018_PSSR175901_160_MEDIUM_,
ami-82919895,AUTOMATION_EAST_PA_PS1002_CSS_MOUNT_LEBANNON_02192016_V2_120_SMALL_,
ami-82ff57f8,PM_APPLEGROVE_17-18_PS1103_OH_SALES_DEMO_120_LARGE_,
ami-8388fc94,COMMON_SIF_BASE_04_Oracle10_V2_120_SMALL_,
ami-83e0e7fc,EAST_EAST_SC_1103_PATERSON_WITH_JAVA_ENV_160_MEDIUM_,
ami-83e5b9fc,EAST_IL_PS11053_ELMHURST_COMMUNITY_06112018_160_MEDIUM_,
ami-8406affe,PM_APPLEGROVE_17-18_PS1103_NM_SALES_DEMO_120_LARGE_,
ami-849767f9,PM_APPLEGROVE_17-18_PS1103_ON_SALES_DEMO_220_LARGE_,
ami-85238fff,WEST_CA_PS1103_CSS_MANHATTAN_BEACH_06032015_160_MEDIUM_,
ami-85757893,WEST_AZ_PS11_CSSV1_VAIL_01202017_160_MEDIUM_,
ami-86b09af9,EAST_IL_PS11053_WARSAW_COMMUNITY_07052018_120_SMALL_,
ami-87315290,COMMON_OK_PS10_MIAMI_11062015_SIF_120_SMALL_,
ami-87b59d91,EAST_IN_PS1014_FRANKLIN_COMMUNITY_06072017_PREMIGRATION_120_SMALL_,
ami-888d7d9e,SCRUB_PS10.1_LARGE_,
ami-897bd49f,BASE_01_SMALL_SSL_Oracle10_120GB_v7.7,
ami-89f058f3,PM_APPLEGROVE_17-18_PS1103_TN_SALES_DEMO_120_LARGE_,
ami-8a2b7cf5,WEST_AK_PS1104_CSS_NORTHWEST_ARCTIC_BOROUGH_04012018_160_MEDIUM_,
ami-8b91989c,AUTOMATION_CENTRAL_MS_PS1003_CSS_DESOTO_01062016_V2_160_MEDIUM_,
ami-8b966ef1,COMMON_NE_PS11023_CSS_ALLIANCE_02082016_120_SMALL_,
ami-8cc772f3,CANADA_ON_PS1200_OTTAWA_CATHOLIC_03152018_PSSR175908_BFT_220_LARGE_,
ami-8d7bd49b,BASE_03_LARGE_SSL_Oracle10_220GB_v7.7,
ami-8dd1bcf7,EAST_NJ_PS11032_ELIZABETH_03232017_MIGRATED_V1_220_LARGE_,
ami-8de8e19a,WEST_TALLAC_CA_PS10041_CSS_SANDIEGO_20150724_300_TALLAC_750_TALLAC_,
ami-8dfae9f6,WEST_TX_PS11_CSS_UPLIFT_EDU_V2_08142017_160_MEDIUM_,
ami-8e0fe6f3,EAST_GA_PS11041_OGLETHORPE_01232018_160_MEDIUM_,
ami-8e2980f4,PM_APPLEGROVE_17-18_PS1103_IN_SALES_DEMO_120_LARGE_,
ami-8e3429f5,EAST_GA_PS1101_WALKERCOUNTY_05122017_PSSR152200V2_120_SMALL_,
ami-8f22e499,WEST_CA_PS1010_SANDIEGO_20150724_PERFORMANCE_750_V2_TALLAC_,
ami-8f7bd499,BASE_02_MEDIUM_SSL_Oracle10_160GB_v7.7,
ami-8f8d83f0,EAST_TN_PS1202_HAMBLEN_08092017_160_MEDIUM_,
ami-8fb0aff5,CANADA_ON_PS11043_SIMCOE_COUNTY_02142018_220_LARGE_,
ami-90ff57ea,PM_APPLEGROVE_17-18_PS1103_RI_SALES_DEMO_120_LARGE_,
ami-9218b1e8,PM_APPLEGROVE_17-18_PS1103_MI_SALES_DEMO_120_LARGE_,
ami-928c77ff,QA_OR_PS0924_WOODBURN_20150929_SMALL_,
ami-92f8f5ed,EAST_NC_PS1004_NEWTONCONOVERCITY_06072018_120_SMALL,
ami-93c017ee,CANADA_MB_PS1105_LORD_SELKIRK_DIV11_PSSR176626_120_SMALL_,
ami-949909eb,WEST_AK_PS12_CSSV1_KODIAK_12072016_120_SMALL_,
ami-9524ad82,CENTRAL_IL_PS10_MANNHEIM_05032016_120_SMALL_,
ami-95b5d482,CENTRAL_KS_PS10_NESSCITY_02122015_120_SMALL_,
ami-95eed5ea,EAST_IL_PS1201_WARRENTOWNSHIP_07102018_160_MEDIUM_,
ami-9684c3e9,Z_DAN_AZ_EDFI_TEMP_2018-06-12_LARGE_,
ami-969e9b80,WEST_OK_PS11_CSS_SHAWNEE_02232017_120_SMALL_,
ami-97d16a81,COMMON_IN_PS10_PLAINFIELD_06202016_EDFI_V2_120_SMALL_,
ami-97d21dea,CANADA_ON_PS11033_OTTAWA_CATHOLIC_03152018_PSSR175908_BFT_220_LARGE_,
ami-980ed5e2,EAST_TN_PS1103_CSS_BLOUNT_COUNTY_03012017_DEV_ENVIRON_120_SMALL_,
ami-992d84e3,PM_APPLEGROVE_17-18_PS1103_GA_SALES_DEMO_120_LARGE_,
ami-99ed8ce6,EAST_VA_PS12_LOUISA_07262017_MIGRATED_120_SMALL_,
ami-9b6befe4,WEST_UT_PS12_SSS_IRON_COUNTY_20171123_220_LARGE_,
ami-9b6fc1e4,CANADA_AB_PS1105_PEACE_WAPITI_04182017_120_SMALL_,
ami-9be913e1,EAST_TN_PS1103_CSS_BLOUNT_COUNTY_03012017_120_SMALL_,
ami-9c8f558a,EAST_NY_PS1010_CSS_NORTH_SHORE_02132017_160_MEDIUM_,
ami-9d17218b,WEST_IA_PS1014_CSS_LEWISCENTRAL_06262017_160_MEDIUM_,
ami-9e6704e4,CANADA_ON_PS11032_DURHAM_11302017_PSSR166924_325_LARGE_,
ami-9e6a1e88,CANADA_PS1013_CSS_CA_MANHATTAN_BEACH_06032015_120_SMALL_,
ami-9fe26c88,COMMON_WY_PS10_TETON1TAKE_320150904_EDFI_120_SMALL_,
ami-a0fc0eda,EAST_NC_PS1014_ORANGE_COUNTY_160_MEDIUM_,
ami-a1f25adb,PM_APPLEGROVE_17-18_PS1103_VA_SALES_DEMO_120_LARGE_,
ami-a1fbcdb6,WEST_OR_PS10_WOODBURN_20150923_KAMALI_120_SMALL_CSS_,
ami-a268e6dd,WEST_TX_PS11052_CSS_BASIS_ED_04302018_160_MEDIUM_,
ami-a29f95d9,WEST_TX_PS10_CSS_UPLIFT_EDU_08142017_160_MEDIUM_,
ami-a2a8a0d8,EAST_NC_PS1014_ASHEVILLE_02022018_120_SMALL_,
ami-a40116b2,COMMON_CA_PS1013_MODEST_12062016_120_SMALL_,
ami-a41db4de,PM_APPLEGROVE_17-18_PS1103_TX_SALES_DEMO_120_LARGE_,
ami-a48623db,WEST_TX_PS11043_CSS_LOVEJOY_MIGRATED_09062017_160_MEDIUM_,
ami-a5d7deb2,WEST_TALLAC_CA_PS1010_CSS_SANDIEGO_20150724_300_TALLAC_,
ami-a71c95d8,WEST_MS_PS12_DESOTO_05112018_MIGRATED_160_MEDIUM_,
ami-a727aeb0,CENTRAL_CO_PS10_MONTEZUMA_CORTEZ_04212016_120_SMALL_,
ami-a740e0da,CANADA_ON_PS11032_DURHAM_11302017_PSSR166924_TESTDATA_7-8RC_ONSIS-ELEM_V3_325_LARGE_,
ami-a76cc9d8,WEST_CA_PS1105_CSS_LANCASTER_04132018_PSSR-176982_160_MEDIUM_,
ami-a7cbd6dc,EAST_MA_PS11_TRAINING_MASTER_GOLD_20170823_160_MEDIUM_,
ami-a7ebc7dd,WEST_OK_PS11_CSS_BYNG_SCHOOL_01052018_120_SMALL_,
ami-a856e3d2,Z_DAN_AZ_EDFI_TEMP_,
ami-aa8d83bd,WEST_WA_PS0924_KING_20150420_120_SMALL_CSS_,
ami-aaf603d7,SPED_1710500_BASE_160_MEDIUM_,
ami-abd0c0d4,WEST_TX_PS1202_CSS_UPLIFT_EDU_PRE_EOY_08012018_220_LARGE_,
ami-ac1a3bba,AUTOMATION_CANADA_AB_PS1014_CSSAB_PEACE_WAPATI_04182017_120_SMALL_,
ami-ac94c2d3,CANADA_ON_PS1201_DURHAM_ 06142018_PSSR166924_325_LARGE_,
ami-aca6e3ba,EAST_GA_PS1014_CSSV1_CAMDEN_03072017_160_MEDIUM_,
ami-ad8681ba,EAST_ME_PS10041_MADWASKA_20140910_120_SMALL_,
ami-ae0c85d1,WEST_CO_PS12_GARFIELD_05112018_MIGRATED_120_SMALL_,
ami-ae1612d4,WEST_IA_PS1104_CSS_GALVA_HOLSTEIN_01302018_160_MEDIUM_,
ami-ae3cb0d1,WEST_ID_PS12_CSS_SUGAR_SALEM_10282015_MEDIUM_160_,
ami-af18b1d5,PM_APPLEGROVE_17-18_PS1103_MO_SALES_DEMO_120_LARGE_,
ami-b04867a7,CENTRAL_CO_PS10_CSS_GARFIELD_11042016_120_SMALL_,
ami-b0c539dd,CENTRAL_CO_PS0924_MONTEZUMA_CORTEZ_20160421_SMALL_,
ami-b0dddaa6,WEST_IL_PS11_CSSV1_OREGON_COMMUNITY_220_01192017_160_MEDIUM_,
ami-b14fecce,WEST_IA_PS1105_CSS_GALVA_HOLSTEIN_01302018_160_MEDIUM_,
ami-b28e94a5,EAST_SC_PS924_CSS_RICHLANDONE_11302015_160_MEDIUM_,
ami-b395cac9,EAST_LA_PS11033_LULING_20170113_PSSR140457_160_MEDIUM_,
ami-b4884ed9,WEST_OR_PS0924_WOODBURN_20150929_SMALL_v2,
ami-b69901c9,EAST_NJ_PS1103_CSS_PATERSON_01132018_160_MEDIUM_,
ami-b768a6cd,CANADA_ON_PS1103_BSIDTESTING_ONLY_TRILLIUM_MTIDAHO_SEPTREL_160_MEDIUM_,
ami-b96d35c6,EAST_IL_PS11053_ARGO_COMMUNITY_06262018_120_SMALL_,
ami-b9f91dc4,EAST_IN_PS11041_CSS_NORTH_LAWRENCE_02062018_120_SMALL_,
ami-ba5f7fc1,WEST_CA_PS1101_TEMPLETON-CASEMIS_120_SMALL_,
ami-ba5f9ac0,WEST_IA_PS11_CSS_LEWIS_CENTRAL_10032017_160_MEDIUM_,
ami-bb2b25ad,CANADA_ON_PS1014_DURHAM_CATH_07112017_PSSR156913_120_SMALL_,
ami-bb6f1bad,CANADA_PS1014_CSS_CA_MANHATTAN_BEACH_06032015_120_SMALL_,
ami-bbe6e5c4,WEST_TX_PS12_CSS_LOVEJOY_MIGRATED_07232017_160_MEDIUM_,
ami-bc18b1c6,PM_APPLEGROVE_17-18_PS1103_NE_SALES_DEMO_120_LARGE_,
ami-bc4ef0c6,EAST_SC_PS1103_CSS_CHESTER_COUNTY_10192017_300_LARGE_,
ami-bc8c97ab,WEST_OR_PS10_WOODBURN_09232015_V2_120_SMALL_,
ami-bef802a8,AUTOMATION_WEST_NV_PS1011_CSSV1_EUREKA_COUNTY_02022017_120_SMALL_,
ami-bf26afa8,WEST_UT_PS10_IRON_COUNTY_02042016_160_MEDIUM_,
ami-bf35adc5,COMMON_IN_PS11031_CSS_PLAINFIELD_06202016_120_SMALL_,
ami-bf9b6bc2,PM_APPLEGROVE_17-18_PS1103_BC_SALES_DEMO_220_LARGE_,
ami-c005d2bd,EAST_CT_PS1105_NAUGATUCK_03062018_PSSR175273_120_SMALL_,
ami-c01891bf,WEST_NM_PS12_ESTANCIA_05112018_MIGRATED_120_SMALL_,
ami-c02fc1ba,CANADA_ON_PS1012_SIMCOE_COUNTY_09192017_PSSR161854_NIGHT_120_SMALL_,
ami-c0abaed6,WEST_TX_PS11_CSS_LOVEJOY_09222016_120_SMALL_,
ami-c1f4d7ba,EAST_SC_PS1101_CSS_RICHLANDONE_160_MEDIUM_,
ami-c2992dbd,CANADA_ON_PS1105_TRILLIUM_LAKELANDS_04232018_160_MEDIUM_,
ami-c5ef8eba,EAST_CT_PS12_NAUGATUCK_03062018_PSSR175273_120_SMALL_,
ami-c60a83b9,WEST_OK_PS12_SHAWNEE_05112018_MIGRATED_120_SMALL_,
ami-c61ad9ab,COMMON_SIF_BASE_03_SSL_220_LARGE_,
ami-c6e1c5bc,AUTOMATION_WEST_OR_PS1103_WOODBURN_01122018_120_SMALL_CSS_,
ami-c79f9ad1,WEST_ND_PS11_CSS_PSSR_140127_9092016_160_MEDIUM_,
ami-c7b5e7d1,COMMON_OK_PS1014_CSS_SHAWNEE_02232017_120_SMALL_,
ami-c82cfbb5,EAST_TN_PS11043_GREENVILLE_CITY_03162018_PSSR176307_120_SMALL_,
ami-c908a9df,EAST_ME_PS924_CSS_AUBURN_03022017_120_SMALL_,
ami-cb19b0b1,PM_APPLEGROVE_17-18_PS1103_LA_SALES_DEMO_120_LARGE_,
ami-cbbc71a6,CENTRAL_LA_PS0924_ST-LANDRY_20140916_120_SMALL_,
ami-cbf790b1,BASE_01_SMALL_SSL_Oracle10.1_120GB_v8.8,
ami-cbfc54b1,PM_APPLEGROVE_17-18_PS1103_WI_SALES_DEMO_120_LARGE_,
ami-cc0138db,EAST_OH_PS1004_SCRAMBLED_20161110_120_SMALL_,
ami-cd073eda,COMMON_WY_PS10_CONVERSE_COUNTY_07192016_EDFI_120_SMALL_,
ami-cdf205b0,COMMON_WI_PS1104_ASHWAUBENON_PUBLISHED_03012018_EDFI_120_SMALL_,
ami-ce2075b1,EAST_SC_PS1104_NEWBERRY_06142018_PSSR184534_REPRODUCIBLE_ERROR_300_LARGE_,
ami-ceffe5b5,EAST_VA_PS1014_LOUISA_07262017_MIGRATED_120_SMALL_,
ami-cfea8bb0,EAST_NY_PS12_SR18203_NORTH_SHORE_02132017_V2_160_MEDIUM_,
ami-cff2f5b4,CANADA_ON_PS10121_UPPER_CANADA_08222017_PSSR160091_120_SMALL_,
ami-d1348dae,WEST_WA_PS1103_APPLEGROVE_17-18_V2_REGISTRATION_GROUP_220_LARGE_,
ami-d14bedc7,CENTRAL_GA_PS1011_UNION_COUNTY_03062017_120_SMALL_CSS_,
ami-d21d94ad,WEST_AZ_PS12_VAIL_05112018_MIGRATED_200_LARGE_,
ami-d235e0af,EAST_NY_PS11043_SR18203_NORTH_SHORE_02132017_V2_160_MEDIUM_,
ami-d296c0ad,CANADA_ON_PS11053_DURHAM_ 06142018_PSSR179927_325_LARGE_,
ami-d41bb2ae,PM_APPLEGROVE_17-18_PS1103_MA_SALES_DEMO_120_LARGE_,
ami-d4b180c3,PM_APPLEGROVE_16-17_PS10_NO_STATE_120_SMALL_,
ami-d4f914c2,EAST_VA_PS1010_CSS_WAYNESBORO_11182016_120_SMALL_,
ami-d4f977c3,COMMON_WI_PS10_ASHWAUBENON_01052016_EDFI_120_SMALL_,
ami-d706afad,PM_APPLEGROVE_17-18_PS1103_MT_SALES_DEMO_120_LARGE_,
ami-d7cb70c1,AUTOMATION_EAST_IN_PS1002_CSS_LAINFIELD_06202016_V3_120_SMALL_,
ami-d8d715b5,COMMON_WI_PS9_ASHWAUBENON_01052016_160_MEDIUM_,
ami-d95918ce,EAST_NC_PS1003_HYDE_PARK_09282016_160_MEDIUM_,
ami-da0571a0,WEST_KS_PS11032_CSS_CLEARWATER_01062016_160_MEDIUM_,
ami-da1bb9a5,WEST_ID_PS11032_CSS_JEROME_JOINT_03222018_120_SMALL_,
ami-db12cccd,EAST_ME_PS1004_CSS_AUBURN_02272017_120_SMALL_,
ami-db2e29a0,WEST_CA_PS1021_SANDIEGO_CSS_BASELINE_PERF_TESTING_20170228_LARGE_375GB_,
ami-dbcc34b6,CENTRAL_MO_PS0924_NEOSHO_20160315_SMALL_,
ami-dbf914cd,EAST_VA_PS1010_CSS_WARREN_COUNTY_11172016_120_SMALL_,
ami-dc05a5a1,WEST_CO_PS1104_CSS_EagleCounty_MIGRATED_20170627_160_MEDIUM_,
ami-dc248aca,WEST_CA_PS1021_SANDIEGO_20170228_LARGE_375GB_CSS_v2.0,
ami-dd2e50cb,WEST_NM_PS1014_CSS_ESTANCIA_04072016_120_SMALL_,
ami-ddf01da0,EAST_SC_PS11043_PICKENS_02202018_160_MEDIUM_,
ami-deb8eac8,CANADA_MB_PS1014_SOUTHWESTHORIZON_06052017_PSSR153801_120_SMALL_,
ami-dff159a5,PM_APPLEGROVE_17-18_PS1103_OR_SALES_DEMO_120_LARGE_,
ami-e0082cf7,AUTOMATION_EAST_ME_PS1002_CSS_MADAWASKA_09102014_120_SMALL_,
ami-e04deb9a,WEST_MT_PS1103_CSS_BILLINGS_06152015_160_MEDIUM_,
ami-e0ec8d9f,EAST_MA_PS12_CSS_NORTHSHORE_12122016_160_MEDIUM_,
ami-e1f5929b,BASE_03_LARGE_SSL_Oracle10.1_220GB_v8.8,
ami-e2f81c9f,WEST_NM_PS1104_SOUTHWEST_02142018_160_MEDIUM_,
ami-e2f9f5f4,VirtTable_NE_PS10.1.4_CSS_120_SMALL_v05.1,
ami-e3899d9c,CANADA_ON_PS11053_HAMILTON_WENTWORTH_07262018_220_LARGE_,
ami-e396eaf5,WEST_TX_PS1014_CSS_LOVEJOY_09222016_120_SMALL_,
ami-e48506f2,vapilot 10.1.2.1 AMI,
ami-e493bbf2,EAST_MA_PS1014_NODISTRICT_12122016_PSSR141895_V2_120_SMALL_,
ami-e4964cf2,CENTRAL_CO_PS1010_CSS_MERCURY_ONLINE_06172016_120_SMALL_,
ami-e4d4dc9b,PM_APPLEGROVE_18-19_PS1202_CA_SALES_DEMO_120_SMALL_,
ami-e50bd598,EAST_TN_z(DO_NOT_USE)_MASSIVE_PS11041_SHELBY_03262018_t2.2xlarge_255_MEDIUM_,
ami-e513179f,WEST_IA_PS1104_CSS_MUSCATINE_01292018_160_MEDIUM_,
ami-e54ab3f3,EAST_CT_PS1010_CSSV1_STRATFORD_BOE_01192017_120_SMALL_,
ami-e5929bf2,AUTOMATION_CENTRAL_TX_PS1002_CSSv1_LOVEJOY_09222016_V2_120_SMALL_,
ami-e5e393f3,EAST_SC_PS1014_CSS_RICHLANDONE_160_MEDIUM_,
ami-e6463af0,WEST_CA_PS1021_CSS_SANDIEGO_ADA_20170228_LARGE_375GB_v3.0,
ami-e6939af1,AUTOMATION_WEST_CA_PS924_CSS_MANHATTAN_BEACH_06032015_V2_120_SMALL_,
ami-e8898afe,WEST_CA_PS11_CSS_MANHATTAN_BEACH_06032015_160_MEDIUM_,
ami-e925acfe,CENTRAL_KS_PS10_LAKIN_07062016_120_SMALL_,
ami-e94768fe,CENTRAL_CO_PS10_CSS_DELTA_11032016_120_SMALL_,
ami-e95c18fe,EAST_NC_PS1003_EDGECOMBE_06022016_V2_120_SMALL_,
ami-e9e2bfff,PM_NY_PS1002_CERTIFICATION_ADVANCED_06012017_120_SMALL_,
ami-ea223291,ESC-21078-AZ,
ami-ec07ae96,PM_APPLEGROVE_17-18_PS1103_NH_SALES_DEMO_120_LARGE_,
ami-ec416b97,WEST_NM_PS1100_CSS_NM_FULL_08042017_V2_160_MEDIUM_,
ami-ec8b51fa,CENTRAL_TX_PS10_IDEA_10052016_120_SMALL_CSS_,
ami-ed0948fa,EAST_CT_PS0924_NEWHAVEN_20150401_120_SMALL_,
ami-ed1b7bfa,EAST_NY_PS924_JOHNSON_CITY_08102016_120_SMALL_,
ami-ed394792,COMMON_IN_PS12_PLAINFIELD_06072018_CHIRP_PUBLISHED_120_SMALL_,
ami-ed6f02fb,WEST_OR_PS1014_CSS_WOODBURN_09232015_120_SMALL_,
ami-ed7bd4fb,BASE_01_SMALL_SSL_Oracle92_120GB_v7.3,
ami-ef11bd90,CANADA_ON_PS1105_UPPER_CANADA_04192018_PSSR178463_220_LARGE_,
ami-ef979f95,EAST_NJ_PS1104_SR1811_RAHWAY_20170119_120_SMALL_,
ami-f084318a,SkinnySped_NoFW,
ami-f0a6d2e6,EAST_IL_PS10121_MINOOKA_20170508_PSSR-151891_120_SMALL_,
ami-f0e1bce6,PM_NY_PS1002_CERTIFICATION_06012017_BIGHORN_120_SMALL_,
ami-f179d6e7,BASE_03_LARGE_SSL_Oracle92_220GB_v7.3,
ami-f1a33c8b,COMMON_WY_PS11031_CONVERSE_COUNTY_07192016_120_SMALL_,
ami-f21bc2e4,CENTRAL_GA_PS1011_SAVANNAH_CHATHAM_20161019_220_LARGE_CSS_,
ami-f28d7de4,SCRUB_PS10.1_X_LARGE_,
ami-f2a4bee5,AUTOMATION_CENTRAL_MO_PS1002_CSS_NEOSHO_03152016_V3_120_SMALL_,
ami-f39eebe4,COMMON_TN_PS1002_VALIDATION_120_SMALL_,
ami-f3e06ee4,COMMON_AZ_PS10_VAIL_02172016_EDFI_120_SMALL_,
ami-f4ec26e2,CENTRAL_SK_PS1010_CSS_PSSR_140137_09102016_120_SMALL_,
ami-f521e7e3,WEST_CA_PS1010_SANDIEGO_20150724_PERFORMANCE_750_MIGRATED_V2_TALLAC_,
ami-f62a838c,PM_APPLEGROVE_17-18_PS1103_ID_SALES_DEMO_120_LARGE_,
ami-f65524e0,WEST_WA_PS1014_CSSV1_KENNEWICK_02012017_160_MEDIUM_,
ami-f83c46ef,COMMON_MI_PS10_LAKEORION_10072015_V3_120_SMALL_,
ami-f906af83,PM_APPLEGROVE_17-18_PS1103_ME_SALES_DEMO_120_LARGE_,
ami-f95938ee,BASE_02_MEDIUM_SSL_Oracle83_160GB_v7.2,
ami-f9c4c186,EAST_IL_PS11053_ARGO_COMMUNITY_06262018_EOY_COMPLETE_120_SMALL_,
ami-fa22cb87,CANADA_ON_PS11043_KINGSWAY_COLLEGE_02242018_PSSR174721_120_SMALL_,
ami-fa463fec,WEST_NE_PS1014_CSS_ALLIANCE_02082016_120_SMALL_,
ami-fad01297,COMMON_NE_PS8_SOUTH_SIOUX_CITY_01252016_160_MEDIUM_,
ami-fb2608ed,EAST_PA_PS1001_CSSV1_HATBORO_HORSHAM_01032017__SR175410_160_MEDIUM_,
ami-fb32c586,EAST_TN_PS11032_COLLIERVILLE_03012018_120_SMALL_,
ami-fb4d4681,EAST_TN_PS11041_WASHINGTONCOUNTY_02072018_120_SMALL_,
ami-fb70a984,COMMON_WY_PS1105_CONVERSE_COUNTY_04112018_EDFI_PUBLISHED_120_SMALL_,
ami-fbe9b181,WEST_CA_PS1102_CSS_SAN_LUIS_COASTAL_11162017_120_SMALL_,
ami-fbfd7e81,COMMON_TN_PS1103_GREENVILLE_11120217_EDFI_PSSR163672_120_SMALL_,
ami-fbff5781,PM_APPLEGROVE_17-18_PS1103_WA_SALES_DEMO_120_LARGE_,
ami-fc4e1383,EAST_IL_PS1105_MUNDELEIN_ELEMENTARY_PSSR1855816_06222018_120_SMALL_,
ami-fd44e5eb,EAST_ME_PS10041_CSS_AUBURN_03022017_120_SMALL_,
ami-fdfe5687,PM_APPLEGROVE_17-18_PS1103_WY_SALES_DEMO_120_LARGE_,
ami-ff25ace8,CENTRAL_GA_PS10_HABERSHAM_09232015_120_SMALL_,
